{"cameraMode":{"drawMode":0,"name":"Shaded","section":"Shading Mode"},"sceneLighting":false,"audioPlay":false,"sceneViewState":{"showFog":true,"showMaterialUpdate":false,"showSkybox":false,"showFlares":true,"showImageEffects":true,"showParticleSystems":true},"in2DMode":false,"pivot":{"x":-42.1425666809082,"y":-10.779117584228516,"z":48.8972282409668},"rotation":{"x":-0.19477201998233796,"y":0.2693980932235718,"z":-0.055734675377607349,"w":-0.941484808921814},"size":22.62139892578125,"orthographic":true}