{"cameraMode":{"drawMode":0,"name":"Shaded","section":"Shading Mode"},"sceneLighting":true,"audioPlay":false,"sceneViewState":{"showFog":true,"showMaterialUpdate":false,"showSkybox":true,"showFlares":true,"showImageEffects":true,"showParticleSystems":true},"in2DMode":false,"pivot":{"x":-0.008591771125793457,"y":-0.024710655212402345,"z":-0.003407597541809082},"rotation":{"x":0.1679074764251709,"y":0.48968246579170229,"z":-0.09671293944120407,"w":0.8501088619232178},"size":665.6227416992188,"orthographic":true}